subdistrict,year,month,heatwave_days_count
Adapur,2025,3,0
Adapur,2025,4,0
Adapur,2025,5,0
Adapur,2025,6,0
Adhaura,2025,3,0
Adhaura,2025,4,2
Adhaura,2025,5,0
Adhaura,2025,6,0
Agiaon,2025,3,0
Agiaon,2025,4,6
Agiaon,2025,5,6
Agiaon,2025,6,3
Akbarpur,2025,3,0
Akbarpur,2025,4,5
Akbarpur,2025,5,4
Akbarpur,2025,6,0
Akorhi Gola,2025,3,0
Akorhi Gola,2025,4,6
Akorhi Gola,2025,5,5
Akorhi Gola,2025,6,6
Alamnagar,2025,3,0
Alamnagar,2025,4,0
Alamnagar,2025,5,0
Alamnagar,2025,6,0
Alauli,2025,3,0
Alauli,2025,4,2
Alauli,2025,5,0
Alauli,2025,6,0
Alinagar,2025,3,0
Alinagar,2025,4,0
Alinagar,2025,5,0
Alinagar,2025,6,0
Amarpur,2025,3,0
Amarpur,2025,4,2
Amarpur,2025,5,0
Amarpur,2025,6,0
Amas,2025,3,0
Amas,2025,4,6
Amas,2025,5,5
Amas,2025,6,0
Amdabad,2025,3,0
Amdabad,2025,4,0
Amdabad,2025,5,0
Amdabad,2025,6,0
Amnour,2025,3,0
Amnour,2025,4,5
Amnour,2025,5,3
Amnour,2025,6,0
Amour,2025,3,0
Amour,2025,4,0
Amour,2025,5,0
Amour,2025,6,0
Andar,2025,3,0
Andar,2025,4,5
Andar,2025,5,3
Andar,2025,6,1
Andhratharhi,2025,3,0
Andhratharhi,2025,4,0
Andhratharhi,2025,5,0
Andhratharhi,2025,6,0
Araria,2025,3,0
Araria,2025,4,0
Araria,2025,5,0
Araria,2025,6,0
Areraj,2025,3,0
Areraj,2025,4,3
Areraj,2025,5,2
Areraj,2025,6,1
Ariari,2025,3,0
Ariari,2025,4,5
Ariari,2025,5,4
Ariari,2025,6,0
Arrah,2025,3,0
Arrah,2025,4,5
Arrah,2025,5,5
Arrah,2025,6,2
Arwal,2025,3,0
Arwal,2025,4,6
Arwal,2025,5,7
Arwal,2025,6,3
Asarganj,2025,3,0
Asarganj,2025,4,4
Asarganj,2025,5,0
Asarganj,2025,6,0
Asthawan,2025,3,0
Asthawan,2025,4,5
Asthawan,2025,5,6
Asthawan,2025,6,0
Athmalgola,2025,3,0
Athmalgola,2025,4,5
Athmalgola,2025,5,5
Athmalgola,2025,6,0
Atri,2025,3,0
Atri,2025,4,6
Atri,2025,5,7
Atri,2025,6,0
Aurai,2025,3,0
Aurai,2025,4,0
Aurai,2025,5,0
Aurai,2025,6,0
Aurangabad,2025,3,0
Aurangabad,2025,4,6
Aurangabad,2025,5,6
Aurangabad,2025,6,2
Azamnagar,2025,3,0
Azamnagar,2025,4,0
Azamnagar,2025,5,0
Azamnagar,2025,6,0
Babubarhi,2025,3,0
Babubarhi,2025,4,0
Babubarhi,2025,5,0
Babubarhi,2025,6,0
Bachhwara,2025,3,0
Bachhwara,2025,4,4
Bachhwara,2025,5,5
Bachhwara,2025,6,0
Bagaha,2025,3,0
Bagaha,2025,4,0
Bagaha,2025,5,0
Bagaha,2025,6,0
Bahadurganj,2025,3,0
Bahadurganj,2025,4,0
Bahadurganj,2025,5,0
Bahadurganj,2025,6,0
Bahadurpur,2025,3,0
Bahadurpur,2025,4,0
Bahadurpur,2025,5,0
Bahadurpur,2025,6,0
Baheri,2025,3,0
Baheri,2025,4,0
Baheri,2025,5,0
Baheri,2025,6,0
Baikunthpur,2025,3,0
Baikunthpur,2025,4,4
Baikunthpur,2025,5,3
Baikunthpur,2025,6,2
Bairgania,2025,3,0
Bairgania,2025,4,0
Bairgania,2025,5,0
Bairgania,2025,6,1
Bairia,2025,3,0
Bairia,2025,4,1
Bairia,2025,5,0
Bairia,2025,6,1
Baisa,2025,3,0
Baisa,2025,4,0
Baisa,2025,5,0
Baisa,2025,6,0
Baisi,2025,3,0
Baisi,2025,4,0
Baisi,2025,5,0
Baisi,2025,6,0
Bajpatti,2025,3,0
Bajpatti,2025,4,0
Bajpatti,2025,5,0
Bajpatti,2025,6,0
Bakhri,2025,3,0
Bakhri,2025,4,2
Bakhri,2025,5,0
Bakhri,2025,6,0
Bakhtiarpur,2025,3,0
Bakhtiarpur,2025,4,5
Bakhtiarpur,2025,5,5
Bakhtiarpur,2025,6,0
Balia,2025,3,0
Balia,2025,4,4
Balia,2025,5,1
Balia,2025,6,0
Balrampur,2025,3,0
Balrampur,2025,4,0
Balrampur,2025,5,0
Balrampur,2025,6,0
Bandra,2025,3,0
Bandra,2025,4,0
Bandra,2025,5,0
Bandra,2025,6,0
Baniapur,2025,3,0
Baniapur,2025,4,5
Baniapur,2025,5,3
Baniapur,2025,6,1
Banjaria,2025,3,0
Banjaria,2025,4,0
Banjaria,2025,5,0
Banjaria,2025,6,0
Banka,2025,3,0
Banka,2025,4,2
Banka,2025,5,0
Banka,2025,6,0
Bankatwa,2025,3,0
Bankatwa,2025,4,0
Bankatwa,2025,5,0
Bankatwa,2025,6,0
Banke Bazar,2025,3,0
Banke Bazar,2025,4,6
Banke Bazar,2025,5,4
Banke Bazar,2025,6,0
Banma Itahri,2025,3,0
Banma Itahri,2025,4,0
Banma Itahri,2025,5,0
Banma Itahri,2025,6,0
Banmankhi,2025,3,0
Banmankhi,2025,4,0
Banmankhi,2025,5,0
Banmankhi,2025,6,0
Barachatti,2025,3,0
Barachatti,2025,4,6
Barachatti,2025,5,4
Barachatti,2025,6,0
Barahat,2025,3,0
Barahat,2025,4,2
Barahat,2025,5,0
Barahat,2025,6,0
Barahiya,2025,3,0
Barahiya,2025,4,5
Barahiya,2025,5,3
Barahiya,2025,6,0
Barari,2025,3,0
Barari,2025,4,0
Barari,2025,5,0
Barari,2025,6,0
Barauli,2025,3,0
Barauli,2025,4,4
Barauli,2025,5,2
Barauli,2025,6,2
Barauni,2025,3,0
Barauni,2025,4,4
Barauni,2025,5,2
Barauni,2025,6,0
Barbigha,2025,3,0
Barbigha,2025,4,5
Barbigha,2025,5,6
Barbigha,2025,6,0
Barh,2025,3,0
Barh,2025,4,5
Barh,2025,5,4
Barh,2025,6,0
Barhampur,2025,3,0
Barhampur,2025,4,6
Barhampur,2025,5,5
Barhampur,2025,6,4
Barhara,2025,3,0
Barhara,2025,4,5
Barhara,2025,5,5
Barhara,2025,6,2
Barharia,2025,3,0
Barharia,2025,4,5
Barharia,2025,5,3
Barharia,2025,6,2
Barhat,2025,3,0
Barhat,2025,4,3
Barhat,2025,5,1
Barhat,2025,6,0
Bariarpur,2025,3,0
Bariarpur,2025,4,4
Bariarpur,2025,5,0
Bariarpur,2025,6,0
Barsoi,2025,3,0
Barsoi,2025,4,0
Barsoi,2025,5,0
Barsoi,2025,6,0
Barun,2025,3,0
Barun,2025,4,6
Barun,2025,5,5
Barun,2025,6,2
Baruraj (Motipur),2025,3,0
Baruraj (Motipur),2025,4,2
Baruraj (Motipur),2025,5,0
Baruraj (Motipur),2025,6,2
Basantpur,2025,3,0
Basantpur,2025,4,4
Basantpur,2025,5,3
Basantpur,2025,6,2
Basopatti,2025,3,0
Basopatti,2025,4,0
Basopatti,2025,5,0
Basopatti,2025,6,0
Bathnaha,2025,3,0
Bathnaha,2025,4,0
Bathnaha,2025,5,0
Bathnaha,2025,6,0
Bausi,2025,3,0
Bausi,2025,4,2
Bausi,2025,5,0
Bausi,2025,6,0
Begusarai,2025,3,0
Begusarai,2025,4,4
Begusarai,2025,5,2
Begusarai,2025,6,0
Behea,2025,3,0
Behea,2025,4,6
Behea,2025,5,5
Behea,2025,6,4
Belaganj,2025,3,0
Belaganj,2025,4,6
Belaganj,2025,5,7
Belaganj,2025,6,1
Belchhi,2025,3,0
Belchhi,2025,4,5
Belchhi,2025,5,5
Belchhi,2025,6,0
Beldaur,2025,3,0
Beldaur,2025,4,0
Beldaur,2025,5,0
Beldaur,2025,6,0
Belhar,2025,3,0
Belhar,2025,4,3
Belhar,2025,5,1
Belhar,2025,6,0
Belsand,2025,3,0
Belsand,2025,4,0
Belsand,2025,5,0
Belsand,2025,6,0
Ben,2025,3,0
Ben,2025,4,5
Ben,2025,5,7
Ben,2025,6,1
Benipatti,2025,3,0
Benipatti,2025,4,0
Benipatti,2025,5,0
Benipatti,2025,6,0
Benipur,2025,3,0
Benipur,2025,4,0
Benipur,2025,5,0
Benipur,2025,6,0
Bettiah,2025,3,0
Bettiah,2025,4,0
Bettiah,2025,5,0
Bettiah,2025,6,0
Bhabua,2025,3,0
Bhabua,2025,4,7
Bhabua,2025,5,5
Bhabua,2025,6,8
Bhagwanpur,2025,3,0
Bhagwanpur,2025,4,15
Bhagwanpur,2025,5,13
Bhagwanpur,2025,6,0
Bhagwanpur Hat,2025,3,0
Bhagwanpur Hat,2025,4,5
Bhagwanpur Hat,2025,5,3
Bhagwanpur Hat,2025,6,1
Bhargama,2025,3,0
Bhargama,2025,4,0
Bhargama,2025,5,0
Bhargama,2025,6,0
Bhawanipur,2025,3,0
Bhawanipur,2025,4,0
Bhawanipur,2025,5,0
Bhawanipur,2025,6,0
Bhitaha,2025,3,0
Bhitaha,2025,4,0
Bhitaha,2025,5,0
Bhitaha,2025,6,0
Bhorey,2025,3,0
Bhorey,2025,4,4
Bhorey,2025,5,3
Bhorey,2025,6,2
Bibhutpur,2025,3,0
Bibhutpur,2025,4,4
Bibhutpur,2025,5,4
Bibhutpur,2025,6,0
Bidupur,2025,3,0
Bidupur,2025,4,5
Bidupur,2025,5,5
Bidupur,2025,6,0
Bihar,2025,3,0
Bihar,2025,4,5
Bihar,2025,5,6
Bihar,2025,6,0
Bihariganj,2025,3,0
Bihariganj,2025,4,0
Bihariganj,2025,5,0
Bihariganj,2025,6,0
Bihpur,2025,3,0
Bihpur,2025,4,0
Bihpur,2025,5,0
Bihpur,2025,6,0
Bihta,2025,3,0
Bihta,2025,4,5
Bihta,2025,5,5
Bihta,2025,6,1
Bijaipur,2025,3,0
Bijaipur,2025,4,5
Bijaipur,2025,5,3
Bijaipur,2025,6,2
Bikram,2025,3,0
Bikram,2025,4,5
Bikram,2025,5,5
Bikram,2025,6,2
Bikramganj,2025,3,0
Bikramganj,2025,4,7
Bikramganj,2025,5,6
Bikramganj,2025,6,6
Bind,2025,3,0
Bind,2025,4,5
Bind,2025,5,5
Bind,2025,6,0
Biraul,2025,3,0
Biraul,2025,4,0
Biraul,2025,5,0
Biraul,2025,6,0
Birpur,2025,3,0
Birpur,2025,4,4
Birpur,2025,5,3
Birpur,2025,6,0
Bisfi,2025,3,0
Bisfi,2025,4,0
Bisfi,2025,5,0
Bisfi,2025,6,0
Bithan,2025,3,0
Bithan,2025,4,1
Bithan,2025,5,0
Bithan,2025,6,0
Bochaha,2025,3,0
Bochaha,2025,4,0
Bochaha,2025,5,0
Bochaha,2025,6,0
Bodh Gaya,2025,3,0
Bodh Gaya,2025,4,6
Bodh Gaya,2025,5,6
Bodh Gaya,2025,6,0
Bokhara,2025,3,0
Bokhara,2025,4,0
Bokhara,2025,5,0
Bokhara,2025,6,0
Buxar,2025,3,0
Buxar,2025,4,6
Buxar,2025,5,5
Buxar,2025,6,5
Chainpur,2025,3,0
Chainpur,2025,4,6
Chainpur,2025,5,2
Chainpur,2025,6,0
Chakai,2025,3,0
Chakai,2025,4,2
Chakai,2025,5,0
Chakai,2025,6,0
Chakia(Pipra),2025,3,0
Chakia(Pipra),2025,4,0
Chakia(Pipra),2025,5,0
Chakia(Pipra),2025,6,1
Chakki,2025,3,0
Chakki,2025,4,5
Chakki,2025,5,5
Chakki,2025,6,4
Chanan,2025,3,0
Chanan,2025,4,2
Chanan,2025,5,0
Chanan,2025,6,0
Chanan*,2025,3,0
Chanan*,2025,4,4
Chanan*,2025,5,1
Chanan*,2025,6,0
Chand,2025,3,0
Chand,2025,4,7
Chand,2025,5,5
Chand,2025,6,7
Chandi,2025,3,0
Chandi,2025,4,5
Chandi,2025,5,5
Chandi,2025,6,0
Chanpatia,2025,3,0
Chanpatia,2025,4,0
Chanpatia,2025,5,0
Chanpatia,2025,6,0
Chapra,2025,3,0
Chapra,2025,4,5
Chapra,2025,5,4
Chapra,2025,6,0
Charaut,2025,3,0
Charaut,2025,4,0
Charaut,2025,5,0
Charaut,2025,6,0
Charpokhari,2025,3,0
Charpokhari,2025,4,7
Charpokhari,2025,5,6
Charpokhari,2025,6,5
Chaugain,2025,3,0
Chaugain,2025,4,7
Chaugain,2025,5,5
Chaugain,2025,6,4
Chausa,2025,3,0
Chausa,2025,4,7
Chausa,2025,5,5
Chausa,2025,6,7
Chautham,2025,3,0
Chautham,2025,4,0
Chautham,2025,5,0
Chautham,2025,6,0
Chehra Kalan,2025,3,0
Chehra Kalan,2025,4,5
Chehra Kalan,2025,5,5
Chehra Kalan,2025,6,0
Chenari,2025,3,0
Chenari,2025,4,3
Chenari,2025,5,1
Chenari,2025,6,0
Cheria Bariarpur,2025,3,0
Cheria Bariarpur,2025,4,4
Cheria Bariarpur,2025,5,3
Cheria Bariarpur,2025,6,0
Chewara,2025,3,0
Chewara,2025,4,5
Chewara,2025,5,3
Chewara,2025,6,0
Chhatapur,2025,3,0
Chhatapur,2025,4,0
Chhatapur,2025,5,0
Chhatapur,2025,6,0
Chhorahi,2025,3,0
Chhorahi,2025,4,3
Chhorahi,2025,5,2
Chhorahi,2025,6,0
Chiraia,2025,3,0
Chiraia,2025,4,0
Chiraia,2025,5,0
Chiraia,2025,6,0
Dagarua,2025,3,0
Dagarua,2025,4,0
Dagarua,2025,5,0
Dagarua,2025,6,0
Dalsinghsarai,2025,3,0
Dalsinghsarai,2025,4,4
Dalsinghsarai,2025,5,5
Dalsinghsarai,2025,6,0
Dandari,2025,3,0
Dandari,2025,4,4
Dandari,2025,5,0
Dandari,2025,6,0
Dandkhora,2025,3,0
Dandkhora,2025,4,0
Dandkhora,2025,5,0
Dandkhora,2025,6,0
Daniawan,2025,3,0
Daniawan,2025,4,5
Daniawan,2025,5,5
Daniawan,2025,6,0
Darauli,2025,3,0
Darauli,2025,4,5
Darauli,2025,5,3
Darauli,2025,6,1
Daraundha,2025,3,0
Daraundha,2025,4,5
Daraundha,2025,5,3
Daraundha,2025,6,1
Darbhanga,2025,3,0
Darbhanga,2025,4,0
Darbhanga,2025,5,0
Darbhanga,2025,6,0
Dariapur,2025,3,0
Dariapur,2025,4,5
Dariapur,2025,5,4
Dariapur,2025,6,0
Daudnagar,2025,3,0
Daudnagar,2025,4,6
Daudnagar,2025,5,6
Daudnagar,2025,6,5
Dawath,2025,3,0
Dawath,2025,4,7
Dawath,2025,5,6
Dawath,2025,6,7
Dehri,2025,3,0
Dehri,2025,4,6
Dehri,2025,5,5
Dehri,2025,6,2
Deo,2025,3,0
Deo,2025,4,6
Deo,2025,5,4
Deo,2025,6,2
Desri,2025,3,0
Desri,2025,4,5
Desri,2025,5,5
Desri,2025,6,0
Dhaka,2025,3,0
Dhaka,2025,4,0
Dhaka,2025,5,0
Dhaka,2025,6,0
Dhamdaha,2025,3,0
Dhamdaha,2025,4,0
Dhamdaha,2025,5,0
Dhamdaha,2025,6,0
Dhanarua,2025,3,0
Dhanarua,2025,4,5
Dhanarua,2025,5,6
Dhanarua,2025,6,1
Dharhara,2025,3,0
Dharhara,2025,4,2
Dharhara,2025,5,0
Dharhara,2025,6,0
Dholi (Moraul),2025,3,0
Dholi (Moraul),2025,4,4
Dholi (Moraul),2025,5,1
Dholi (Moraul),2025,6,0
Dhuraiya,2025,3,0
Dhuraiya,2025,4,2
Dhuraiya,2025,5,0
Dhuraiya,2025,6,0
Dighalbank,2025,3,0
Dighalbank,2025,4,0
Dighalbank,2025,5,0
Dighalbank,2025,6,0
Dighwara,2025,3,0
Dighwara,2025,4,5
Dighwara,2025,5,3
Dighwara,2025,6,0
Dinapur-Cum-Khagaul,2025,3,0
Dinapur-Cum-Khagaul,2025,4,5
Dinapur-Cum-Khagaul,2025,5,5
Dinapur-Cum-Khagaul,2025,6,0
Dinara,2025,3,0
Dinara,2025,4,7
Dinara,2025,5,6
Dinara,2025,6,8
Dobhi,2025,3,0
Dobhi,2025,4,6
Dobhi,2025,5,4
Dobhi,2025,6,0
Dulhin Bazar,2025,3,0
Dulhin Bazar,2025,4,6
Dulhin Bazar,2025,5,7
Dulhin Bazar,2025,6,3
Dumaria,2025,3,0
Dumaria,2025,4,6
Dumaria,2025,5,2
Dumaria,2025,6,0
Dumra,2025,3,0
Dumra,2025,4,0
Dumra,2025,5,0
Dumra,2025,6,0
Dumraon,2025,3,0
Dumraon,2025,4,5
Dumraon,2025,5,5
Dumraon,2025,6,4
Dumri Katsari,2025,3,0
Dumri Katsari,2025,4,0
Dumri Katsari,2025,5,0
Dumri Katsari,2025,6,1
Durgawati,2025,3,0
Durgawati,2025,4,7
Durgawati,2025,5,5
Durgawati,2025,6,8
Ekangarsarai,2025,3,0
Ekangarsarai,2025,4,5
Ekangarsarai,2025,5,7
Ekangarsarai,2025,6,2
Ekma,2025,3,0
Ekma,2025,4,5
Ekma,2025,5,2
Ekma,2025,6,1
Falka,2025,3,0
Falka,2025,4,0
Falka,2025,5,0
Falka,2025,6,0
Fatehpur,2025,3,0
Fatehpur,2025,4,6
Fatehpur,2025,5,4
Fatehpur,2025,6,0
Fatwah,2025,3,0
Fatwah,2025,4,5
Fatwah,2025,5,5
Fatwah,2025,6,0
Forbesganj,2025,3,0
Forbesganj,2025,4,0
Forbesganj,2025,5,0
Forbesganj,2025,6,0
Gaighat,2025,3,0
Gaighat,2025,4,0
Gaighat,2025,5,0
Gaighat,2025,6,0
Gamharia,2025,3,0
Gamharia,2025,4,0
Gamharia,2025,5,0
Gamharia,2025,6,0
Garhani,2025,3,0
Garhani,2025,4,7
Garhani,2025,5,6
Garhani,2025,6,4
Garhpura,2025,3,0
Garhpura,2025,4,3
Garhpura,2025,5,1
Garhpura,2025,6,0
Garkha,2025,3,0
Garkha,2025,4,5
Garkha,2025,5,3
Garkha,2025,6,0
Gaunaha,2025,3,0
Gaunaha,2025,4,0
Gaunaha,2025,5,0
Gaunaha,2025,6,0
Gaya Town C.D.Block,2025,3,0
Gaya Town C.D.Block,2025,4,6
Gaya Town C.D.Block,2025,5,6
Gaya Town C.D.Block,2025,6,0
Ghailarh,2025,3,0
Ghailarh,2025,4,0
Ghailarh,2025,5,0
Ghailarh,2025,6,0
Ghanshyampur,2025,3,0
Ghanshyampur,2025,4,0
Ghanshyampur,2025,5,0
Ghanshyampur,2025,6,0
Ghat Kusumbha,2025,3,0
Ghat Kusumbha,2025,4,5
Ghat Kusumbha,2025,5,3
Ghat Kusumbha,2025,6,0
Ghoghardiha,2025,3,0
Ghoghardiha,2025,4,0
Ghoghardiha,2025,5,0
Ghoghardiha,2025,6,0
Ghorasahan,2025,3,0
Ghorasahan,2025,4,0
Ghorasahan,2025,5,0
Ghorasahan,2025,6,0
Ghoshi,2025,3,0
Ghoshi,2025,4,6
Ghoshi,2025,5,7
Ghoshi,2025,6,2
Ghoswari,2025,3,0
Ghoswari,2025,4,5
Ghoswari,2025,5,5
Ghoswari,2025,6,0
Gidhaur,2025,3,0
Gidhaur,2025,4,3
Gidhaur,2025,5,3
Gidhaur,2025,6,0
Giriak,2025,3,0
Giriak,2025,4,5
Giriak,2025,5,5
Giriak,2025,6,0
Gobindpur,2025,3,0
Gobindpur,2025,4,4
Gobindpur,2025,5,0
Gobindpur,2025,6,0
Gogri,2025,3,0
Gogri,2025,4,2
Gogri,2025,5,0
Gogri,2025,6,0
Goh,2025,3,0
Goh,2025,4,6
Goh,2025,5,7
Goh,2025,6,5
Gopalganj,2025,3,0
Gopalganj,2025,4,4
Gopalganj,2025,5,2
Gopalganj,2025,6,1
Gopalpur,2025,3,0
Gopalpur,2025,4,0
Gopalpur,2025,5,0
Gopalpur,2025,6,0
Gora Bauram,2025,3,0
Gora Bauram,2025,4,0
Gora Bauram,2025,5,0
Gora Bauram,2025,6,0
Goradih,2025,3,0
Goradih,2025,4,2
Goradih,2025,5,0
Goradih,2025,6,0
Goraul,2025,3,0
Goraul,2025,4,5
Goraul,2025,5,5
Goraul,2025,6,0
Goriakothi,2025,3,0
Goriakothi,2025,4,5
Goriakothi,2025,5,3
Goriakothi,2025,6,2
Guraru,2025,3,0
Guraru,2025,4,6
Guraru,2025,5,6
Guraru,2025,6,2
Gurua,2025,3,0
Gurua,2025,4,6
Gurua,2025,5,6
Gurua,2025,6,2
Guthani,2025,3,0
Guthani,2025,4,5
Guthani,2025,5,2
Guthani,2025,6,1
Gwalpara,2025,3,0
Gwalpara,2025,4,0
Gwalpara,2025,5,0
Gwalpara,2025,6,0
Hajipur,2025,3,0
Hajipur,2025,4,5
Hajipur,2025,5,3
Hajipur,2025,6,0
Halsi,2025,3,0
Halsi,2025,4,5
Halsi,2025,5,2
Halsi,2025,6,0
Hanumannagar,2025,3,0
Hanumannagar,2025,4,0
Hanumannagar,2025,5,0
Hanumannagar,2025,6,0
Harlakhi,2025,3,0
Harlakhi,2025,4,0
Harlakhi,2025,5,0
Harlakhi,2025,6,0
Harnaut,2025,3,0
Harnaut,2025,4,5
Harnaut,2025,5,5
Harnaut,2025,6,0
Harsidhi,2025,3,0
Harsidhi,2025,4,0
Harsidhi,2025,5,0
Harsidhi,2025,6,1
Hasanganj,2025,3,0
Hasanganj,2025,4,0
Hasanganj,2025,5,0
Hasanganj,2025,6,0
Hasanpur,2025,3,0
Hasanpur,2025,4,2
Hasanpur,2025,5,2
Hasanpur,2025,6,0
Hasanpura,2025,3,0
Hasanpura,2025,4,5
Hasanpura,2025,5,2
Hasanpura,2025,6,1
Haspura,2025,3,0
Haspura,2025,4,6
Haspura,2025,5,8
Haspura,2025,6,5
Hathua,2025,3,0
Hathua,2025,4,5
Hathua,2025,5,3
Hathua,2025,6,2
Hayaghat,2025,3,0
Hayaghat,2025,4,0
Hayaghat,2025,5,0
Hayaghat,2025,6,0
Hilsa,2025,3,0
Hilsa,2025,4,5
Hilsa,2025,5,6
Hilsa,2025,6,0
Hisua,2025,3,0
Hisua,2025,4,5
Hisua,2025,5,4
Hisua,2025,6,0
Hulasganj,2025,3,0
Hulasganj,2025,4,6
Hulasganj,2025,5,7
Hulasganj,2025,6,2
Hussainganj,2025,3,0
Hussainganj,2025,4,5
Hussainganj,2025,5,3
Hussainganj,2025,6,1
Imamganj,2025,3,0
Imamganj,2025,4,6
Imamganj,2025,5,3
Imamganj,2025,6,0
Ishupur,2025,3,0
Ishupur,2025,4,5
Ishupur,2025,5,3
Ishupur,2025,6,1
Islamnagar Aliganj,2025,3,0
Islamnagar Aliganj,2025,4,5
Islamnagar Aliganj,2025,5,2
Islamnagar Aliganj,2025,6,0
Islampur,2025,3,0
Islampur,2025,4,6
Islampur,2025,5,7
Islampur,2025,6,2
Ismailpur,2025,3,0
Ismailpur,2025,4,0
Ismailpur,2025,5,0
Ismailpur,2025,6,0
Itarhi,2025,3,0
Itarhi,2025,4,7
Itarhi,2025,5,5
Itarhi,2025,6,7
Jagdishpur,2025,3,0
Jagdishpur,2025,4,9
Jagdishpur,2025,5,5
Jagdishpur,2025,6,4
Jainagar,2025,3,0
Jainagar,2025,4,0
Jainagar,2025,5,0
Jainagar,2025,6,0
Jalalgarh,2025,3,0
Jalalgarh,2025,4,0
Jalalgarh,2025,5,0
Jalalgarh,2025,6,0
Jalalpur,2025,3,0
Jalalpur,2025,4,5
Jalalpur,2025,5,3
Jalalpur,2025,6,0
Jale,2025,3,0
Jale,2025,4,0
Jale,2025,5,0
Jale,2025,6,0
Jamalpur,2025,3,0
Jamalpur,2025,4,4
Jamalpur,2025,5,0
Jamalpur,2025,6,0
Jamui,2025,3,0
Jamui,2025,4,3
Jamui,2025,5,3
Jamui,2025,6,0
Jandaha,2025,3,0
Jandaha,2025,4,5
Jandaha,2025,5,5
Jandaha,2025,6,0
Jehanabad,2025,3,0
Jehanabad,2025,4,6
Jehanabad,2025,5,7
Jehanabad,2025,6,3
Jhajha,2025,3,0
Jhajha,2025,4,2
Jhajha,2025,5,0
Jhajha,2025,6,0
Jhanjharpur,2025,3,0
Jhanjharpur,2025,4,0
Jhanjharpur,2025,5,0
Jhanjharpur,2025,6,0
Jogapatti,2025,3,0
Jogapatti,2025,4,0
Jogapatti,2025,5,0
Jogapatti,2025,6,0
Jokihat,2025,3,0
Jokihat,2025,4,0
Jokihat,2025,5,0
Jokihat,2025,6,0
Kadwa,2025,3,0
Kadwa,2025,4,0
Kadwa,2025,5,0
Kadwa,2025,6,0
Kahalgaon,2025,3,0
Kahalgaon,2025,4,0
Kahalgaon,2025,5,0
Kahalgaon,2025,6,0
Kahara,2025,3,0
Kahara,2025,4,0
Kahara,2025,5,0
Kahara,2025,6,0
Kako,2025,3,0
Kako,2025,4,6
Kako,2025,5,7
Kako,2025,6,3
Kaler,2025,3,0
Kaler,2025,4,6
Kaler,2025,5,7
Kaler,2025,6,5
Kaluahi,2025,3,0
Kaluahi,2025,4,0
Kaluahi,2025,5,0
Kaluahi,2025,6,0
Kalyanpur,2025,3,0
Kalyanpur,2025,4,0
Kalyanpur,2025,5,0
Kalyanpur,2025,6,1
Kanti,2025,3,0
Kanti,2025,4,2
Kanti,2025,5,0
Kanti,2025,6,1
Karai Parsurai,2025,3,0
Karai Parsurai,2025,4,5
Karai Parsurai,2025,5,6
Karai Parsurai,2025,6,0
Karakat,2025,3,0
Karakat,2025,4,6
Karakat,2025,5,6
Karakat,2025,6,6
Kargahar,2025,3,0
Kargahar,2025,4,7
Kargahar,2025,5,6
Kargahar,2025,6,8
Karpi,2025,3,0
Karpi,2025,4,6
Karpi,2025,5,7
Karpi,2025,6,3
Kasba,2025,3,0
Kasba,2025,4,0
Kasba,2025,5,0
Kasba,2025,6,0
Kashi Chak,2025,3,0
Kashi Chak,2025,4,5
Kashi Chak,2025,5,6
Kashi Chak,2025,6,0
Katihar,2025,3,0
Katihar,2025,4,0
Katihar,2025,5,0
Katihar,2025,6,0
Katiya,2025,3,0
Katiya,2025,4,4
Katiya,2025,5,3
Katiya,2025,6,2
Katoria,2025,3,0
Katoria,2025,4,2
Katoria,2025,5,0
Katoria,2025,6,0
Katra,2025,3,0
Katra,2025,4,0
Katra,2025,5,0
Katra,2025,6,0
Katrisarai,2025,3,0
Katrisarai,2025,4,5
Katrisarai,2025,5,6
Katrisarai,2025,6,0
Kawakol,2025,3,0
Kawakol,2025,4,3
Kawakol,2025,5,0
Kawakol,2025,6,0
Keotiranway,2025,3,0
Keotiranway,2025,4,0
Keotiranway,2025,5,0
Keotiranway,2025,6,0
Kesaria,2025,3,0
Kesaria,2025,4,3
Kesaria,2025,5,0
Kesaria,2025,6,1
Kesath,2025,3,0
Kesath,2025,4,7
Kesath,2025,5,5
Kesath,2025,6,6
Khagaria,2025,3,0
Khagaria,2025,4,2
Khagaria,2025,5,0
Khagaria,2025,6,0
Khaira,2025,3,0
Khaira,2025,4,2
Khaira,2025,5,0
Khaira,2025,6,0
Khajauli,2025,3,0
Khajauli,2025,4,0
Khajauli,2025,5,0
Khajauli,2025,6,0
Khanpur,2025,3,0
Khanpur,2025,4,2
Khanpur,2025,5,2
Khanpur,2025,6,0
Kharagpur,2025,3,0
Kharagpur,2025,4,3
Kharagpur,2025,5,0
Kharagpur,2025,6,0
Kharik,2025,3,0
Kharik,2025,4,0
Kharik,2025,5,0
Kharik,2025,6,0
Khizirsarai,2025,3,0
Khizirsarai,2025,4,6
Khizirsarai,2025,5,7
Khizirsarai,2025,6,0
Khudabandpur,2025,3,0
Khudabandpur,2025,4,4
Khudabandpur,2025,5,4
Khudabandpur,2025,6,0
Khusrupur,2025,3,0
Khusrupur,2025,4,5
Khusrupur,2025,5,5
Khusrupur,2025,6,0
Kiratpur,2025,3,0
Kiratpur,2025,4,0
Kiratpur,2025,5,0
Kiratpur,2025,6,0
Kishanganj,2025,3,0
Kishanganj,2025,4,0
Kishanganj,2025,5,0
Kishanganj,2025,6,0
Kishanpur,2025,3,0
Kishanpur,2025,4,0
Kishanpur,2025,5,0
Kishanpur,2025,6,0
Kochadhamin,2025,3,0
Kochadhamin,2025,4,0
Kochadhamin,2025,5,0
Kochadhamin,2025,6,0
Kochas,2025,3,0
Kochas,2025,4,7
Kochas,2025,5,6
Kochas,2025,6,8
Koilwar,2025,3,0
Koilwar,2025,4,5
Koilwar,2025,5,5
Koilwar,2025,6,1
Konch,2025,3,0
Konch,2025,4,6
Konch,2025,5,8
Konch,2025,6,4
Korha,2025,3,0
Korha,2025,4,0
Korha,2025,5,0
Korha,2025,6,0
Kotwa,2025,3,0
Kotwa,2025,4,1
Kotwa,2025,5,0
Kotwa,2025,6,1
Krityanand Nagar,2025,3,0
Krityanand Nagar,2025,4,0
Krityanand Nagar,2025,5,0
Krityanand Nagar,2025,6,0
Kuchaikote,2025,3,0
Kuchaikote,2025,4,4
Kuchaikote,2025,5,3
Kuchaikote,2025,6,1
Kudra,2025,3,0
Kudra,2025,4,7
Kudra,2025,5,6
Kudra,2025,6,8
Kumarkhand,2025,3,0
Kumarkhand,2025,4,0
Kumarkhand,2025,5,0
Kumarkhand,2025,6,0
Kurhani,2025,3,0
Kurhani,2025,4,4
Kurhani,2025,5,2
Kurhani,2025,6,1
Kursakatta,2025,3,0
Kursakatta,2025,4,0
Kursakatta,2025,5,0
Kursakatta,2025,6,0
Kursela,2025,3,0
Kursela,2025,4,0
Kursela,2025,5,0
Kursela,2025,6,0
Kurtha,2025,3,0
Kurtha,2025,4,6
Kurtha,2025,5,7
Kurtha,2025,6,4
Kusheshwar Asthan,2025,3,0
Kusheshwar Asthan,2025,4,0
Kusheshwar Asthan,2025,5,0
Kusheshwar Asthan,2025,6,0
Kusheshwar Asthan Purbi,2025,3,0
Kusheshwar Asthan Purbi,2025,4,0
Kusheshwar Asthan Purbi,2025,5,0
Kusheshwar Asthan Purbi,2025,6,0
Kutumba,2025,3,0
Kutumba,2025,4,6
Kutumba,2025,5,4
Kutumba,2025,6,1
Ladania,2025,3,0
Ladania,2025,4,0
Ladania,2025,5,0
Ladania,2025,6,0
Lahladpur,2025,3,0
Lahladpur,2025,4,5
Lahladpur,2025,5,3
Lahladpur,2025,6,1
Lakhisarai,2025,3,0
Lakhisarai,2025,4,5
Lakhisarai,2025,5,3
Lakhisarai,2025,6,0
Lakhnaur,2025,3,0
Lakhnaur,2025,4,0
Lakhnaur,2025,5,0
Lakhnaur,2025,6,0
Lakri Nabiganj,2025,3,0
Lakri Nabiganj,2025,4,4
Lakri Nabiganj,2025,5,3
Lakri Nabiganj,2025,6,2
Lakshmipur,2025,3,0
Lakshmipur,2025,4,2
Lakshmipur,2025,5,1
Lakshmipur,2025,6,0
Lalganj,2025,3,0
Lalganj,2025,4,5
Lalganj,2025,5,4
Lalganj,2025,6,0
Laukaha,2025,3,0
Laukaha,2025,4,0
Laukaha,2025,5,0
Laukaha,2025,6,0
Laukahi,2025,3,0
Laukahi,2025,4,0
Laukahi,2025,5,0
Laukahi,2025,6,0
Lauriya,2025,3,0
Lauriya,2025,4,0
Lauriya,2025,5,0
Lauriya,2025,6,0
Madanpur,2025,3,0
Madanpur,2025,4,6
Madanpur,2025,5,6
Madanpur,2025,6,2
Madhepur,2025,3,0
Madhepur,2025,4,0
Madhepur,2025,5,0
Madhepur,2025,6,0
Madhepura,2025,3,0
Madhepura,2025,4,0
Madhepura,2025,5,0
Madhepura,2025,6,0
Madhuban,2025,3,0
Madhuban,2025,4,0
Madhuban,2025,5,0
Madhuban,2025,6,1
Madhubani,2025,3,0
Madhubani,2025,4,0
Madhubani,2025,5,0
Madhubani,2025,6,0
Madhwapur,2025,3,0
Madhwapur,2025,4,0
Madhwapur,2025,5,0
Madhwapur,2025,6,0
Maharajganj,2025,3,0
Maharajganj,2025,4,5
Maharajganj,2025,5,3
Maharajganj,2025,6,2
Mahishi,2025,3,0
Mahishi,2025,4,0
Mahishi,2025,5,0
Mahishi,2025,6,0
Mahnar,2025,3,0
Mahnar,2025,4,5
Mahnar,2025,5,5
Mahnar,2025,6,0
Mahua,2025,3,0
Mahua,2025,4,5
Mahua,2025,5,5
Mahua,2025,6,0
Mainatanr,2025,3,0
Mainatanr,2025,4,0
Mainatanr,2025,5,0
Mainatanr,2025,6,0
Mairwa,2025,3,0
Mairwa,2025,4,5
Mairwa,2025,5,3
Mairwa,2025,6,2
Majhaulia,2025,3,0
Majhaulia,2025,4,0
Majhaulia,2025,5,0
Majhaulia,2025,6,0
Majorganj,2025,3,0
Majorganj,2025,4,0
Majorganj,2025,5,0
Majorganj,2025,6,1
Maker,2025,3,0
Maker,2025,4,5
Maker,2025,5,4
Maker,2025,6,0
Makhdumpur,2025,3,0
Makhdumpur,2025,4,6
Makhdumpur,2025,5,7
Makhdumpur,2025,6,3
Maner,2025,3,0
Maner,2025,4,5
Maner,2025,5,5
Maner,2025,6,1
Manigachhi,2025,3,0
Manigachhi,2025,4,0
Manigachhi,2025,5,0
Manigachhi,2025,6,0
Manihari,2025,3,0
Manihari,2025,4,0
Manihari,2025,5,0
Manihari,2025,6,0
Manjha,2025,3,0
Manjha,2025,4,4
Manjha,2025,5,2
Manjha,2025,6,1
Manjhi,2025,3,0
Manjhi,2025,4,5
Manjhi,2025,5,3
Manjhi,2025,6,1
Manpur,2025,3,0
Manpur,2025,4,6
Manpur,2025,5,6
Manpur,2025,6,0
Mansahi,2025,3,0
Mansahi,2025,4,0
Mansahi,2025,5,0
Mansahi,2025,6,0
Mansi,2025,3,0
Mansi,2025,4,0
Mansi,2025,5,0
Mansi,2025,6,0
Mansurchak,2025,3,0
Mansurchak,2025,4,4
Mansurchak,2025,5,4
Mansurchak,2025,6,0
Marauna,2025,3,0
Marauna,2025,4,0
Marauna,2025,5,0
Marauna,2025,6,0
Marhaura,2025,3,0
Marhaura,2025,4,5
Marhaura,2025,5,3
Marhaura,2025,6,0
Marwan,2025,3,0
Marwan,2025,4,3
Marwan,2025,5,0
Marwan,2025,6,2
Masaurhi,2025,3,0
Masaurhi,2025,4,5
Masaurhi,2025,5,7
Masaurhi,2025,6,2
Mashrakh,2025,3,0
Mashrakh,2025,4,4
Mashrakh,2025,5,3
Mashrakh,2025,6,2
Matihani,2025,3,0
Matihani,2025,4,4
Matihani,2025,5,2
Matihani,2025,6,0
Mehsi,2025,3,0
Mehsi,2025,4,0
Mehsi,2025,5,0
Mehsi,2025,6,1
Meskaur,2025,3,0
Meskaur,2025,4,6
Meskaur,2025,5,5
Meskaur,2025,6,0
Minapur,2025,3,0
Minapur,2025,4,0
Minapur,2025,5,0
Minapur,2025,6,1
Modanganj,2025,3,0
Modanganj,2025,4,5
Modanganj,2025,5,7
Modanganj,2025,6,1
Mohania,2025,3,0
Mohania,2025,4,7
Mohania,2025,5,5
Mohania,2025,6,8
Mohanpur,2025,3,0
Mohanpur,2025,4,11
Mohanpur,2025,5,10
Mohanpur,2025,6,0
Mohiuddinagar,2025,3,0
Mohiuddinagar,2025,4,5
Mohiuddinagar,2025,5,5
Mohiuddinagar,2025,6,0
Mokameh,2025,3,0
Mokameh,2025,4,4
Mokameh,2025,5,4
Mokameh,2025,6,0
Morwa,2025,3,0
Morwa,2025,4,4
Morwa,2025,5,5
Morwa,2025,6,0
Motihari,2025,3,0
Motihari,2025,4,0
Motihari,2025,5,0
Motihari,2025,6,1
Muhra,2025,3,0
Muhra,2025,4,6
Muhra,2025,5,4
Muhra,2025,6,0
Munger,2025,3,0
Munger,2025,4,3
Munger,2025,5,0
Munger,2025,6,0
Murliganj,2025,3,0
Murliganj,2025,4,0
Murliganj,2025,5,0
Murliganj,2025,6,0
Musahri,2025,3,0
Musahri,2025,4,2
Musahri,2025,5,0
Musahri,2025,6,1
Nabinagar,2025,3,0
Nabinagar,2025,4,6
Nabinagar,2025,5,4
Nabinagar,2025,6,1
Nagar Nausa,2025,3,0
Nagar Nausa,2025,4,5
Nagar Nausa,2025,5,5
Nagar Nausa,2025,6,0
Nagra,2025,3,0
Nagra,2025,4,5
Nagra,2025,5,3
Nagra,2025,6,0
Nanpur,2025,3,0
Nanpur,2025,4,0
Nanpur,2025,5,0
Nanpur,2025,6,0
Naokothi,2025,3,0
Naokothi,2025,4,3
Naokothi,2025,5,1
Naokothi,2025,6,0
Narayanpur,2025,3,0
Narayanpur,2025,4,2
Narayanpur,2025,5,0
Narayanpur,2025,6,0
Nardiganj,2025,3,0
Nardiganj,2025,4,5
Nardiganj,2025,5,4
Nardiganj,2025,6,0
Narhat,2025,3,0
Narhat,2025,4,5
Narhat,2025,5,5
Narhat,2025,6,0
Narkatia,2025,3,0
Narkatia,2025,4,0
Narkatia,2025,5,0
Narkatia,2025,6,0
Narkatiaganj,2025,3,0
Narkatiaganj,2025,4,0
Narkatiaganj,2025,5,0
Narkatiaganj,2025,6,0
Narpatganj,2025,3,0
Narpatganj,2025,4,0
Narpatganj,2025,5,0
Narpatganj,2025,6,0
Nasriganj,2025,3,0
Nasriganj,2025,4,6
Nasriganj,2025,5,6
Nasriganj,2025,6,6
Nathnagar,2025,3,0
Nathnagar,2025,4,2
Nathnagar,2025,5,0
Nathnagar,2025,6,0
Naubatpur,2025,3,0
Naubatpur,2025,4,5
Naubatpur,2025,5,5
Naubatpur,2025,6,1
Naugachhia,2025,3,0
Naugachhia,2025,4,0
Naugachhia,2025,5,0
Naugachhia,2025,6,0
Nauhatta,2025,3,0
Nauhatta,2025,4,3
Nauhatta,2025,5,2
Nauhatta,2025,6,0
Nautan,2025,3,0
Nautan,2025,4,5
Nautan,2025,5,3
Nautan,2025,6,2
Nawada,2025,3,0
Nawada,2025,4,5
Nawada,2025,5,4
Nawada,2025,6,0
Nawanagar,2025,3,0
Nawanagar,2025,4,7
Nawanagar,2025,5,5
Nawanagar,2025,6,7
Neem Chak Bathani,2025,3,0
Neem Chak Bathani,2025,4,6
Neem Chak Bathani,2025,5,7
Neem Chak Bathani,2025,6,0
Nirmali,2025,3,0
Nirmali,2025,4,0
Nirmali,2025,5,0
Nirmali,2025,6,0
Nokha,2025,3,0
Nokha,2025,4,7
Nokha,2025,5,6
Nokha,2025,6,7
Noorsarai,2025,3,0
Noorsarai,2025,4,5
Noorsarai,2025,5,7
Noorsarai,2025,6,0
Nuaon,2025,3,0
Nuaon,2025,4,7
Nuaon,2025,5,5
Nuaon,2025,6,8
Obra,2025,3,0
Obra,2025,4,6
Obra,2025,5,7
Obra,2025,6,5
Pach Deuri,2025,3,0
Pach Deuri,2025,4,4
Pach Deuri,2025,5,3
Pach Deuri,2025,6,1
Pachrukhi,2025,3,0
Pachrukhi,2025,4,5
Pachrukhi,2025,5,3
Pachrukhi,2025,6,2
Paharpur,2025,3,0
Paharpur,2025,4,1
Paharpur,2025,5,0
Paharpur,2025,6,1
Pakri Dayal,2025,3,0
Pakri Dayal,2025,4,0
Pakri Dayal,2025,5,0
Pakri Dayal,2025,6,1
Pakribarawan,2025,3,0
Pakribarawan,2025,4,5
Pakribarawan,2025,5,4
Pakribarawan,2025,6,0
Palasi,2025,3,0
Palasi,2025,4,0
Palasi,2025,5,0
Palasi,2025,6,0
Paliganj,2025,3,0
Paliganj,2025,4,6
Paliganj,2025,5,7
Paliganj,2025,6,3
Panapur,2025,3,0
Panapur,2025,4,4
Panapur,2025,5,3
Panapur,2025,6,2
Pandarak,2025,3,0
Pandarak,2025,4,5
Pandarak,2025,5,5
Pandarak,2025,6,0
Pandaul,2025,3,0
Pandaul,2025,4,0
Pandaul,2025,5,0
Pandaul,2025,6,0
Paraiya,2025,3,0
Paraiya,2025,4,6
Paraiya,2025,5,7
Paraiya,2025,6,2
Parbalpur,2025,3,0
Parbalpur,2025,4,5
Parbalpur,2025,5,7
Parbalpur,2025,6,1
Parbatta,2025,3,0
Parbatta,2025,4,3
Parbatta,2025,5,0
Parbatta,2025,6,0
Parihar,2025,3,0
Parihar,2025,4,0
Parihar,2025,5,0
Parihar,2025,6,0
Paroo,2025,3,0
Paroo,2025,4,4
Paroo,2025,5,3
Paroo,2025,6,2
Parsa,2025,3,0
Parsa,2025,4,5
Parsa,2025,5,4
Parsa,2025,6,0
Parsauni,2025,3,0
Parsauni,2025,4,0
Parsauni,2025,5,0
Parsauni,2025,6,0
Patahi,2025,3,0
Patahi,2025,4,0
Patahi,2025,5,0
Patahi,2025,6,1
Patarghat,2025,3,0
Patarghat,2025,4,0
Patarghat,2025,5,0
Patarghat,2025,6,0
Patepur,2025,3,0
Patepur,2025,4,4
Patepur,2025,5,4
Patepur,2025,6,0
Paterhi Belsar,2025,3,0
Paterhi Belsar,2025,4,5
Paterhi Belsar,2025,5,3
Paterhi Belsar,2025,6,1
Patna Rural,2025,3,0
Patna Rural,2025,4,5
Patna Rural,2025,5,3
Patna Rural,2025,6,0
Patori,2025,3,0
Patori,2025,4,5
Patori,2025,5,5
Patori,2025,6,0
Phenhara,2025,3,0
Phenhara,2025,4,0
Phenhara,2025,5,0
Phenhara,2025,6,1
Phulidumar,2025,3,0
Phulidumar,2025,4,3
Phulidumar,2025,5,0
Phulidumar,2025,6,0
Phulparas,2025,3,0
Phulparas,2025,4,0
Phulparas,2025,5,0
Phulparas,2025,6,0
Phulwari,2025,3,0
Phulwari,2025,4,5
Phulwari,2025,5,5
Phulwari,2025,6,0
Phulwaria,2025,3,0
Phulwaria,2025,4,4
Phulwaria,2025,5,3
Phulwaria,2025,6,1
Pipariya,2025,3,0
Pipariya,2025,4,4
Pipariya,2025,5,3
Pipariya,2025,6,0
Pipra,2025,3,0
Pipra,2025,4,0
Pipra,2025,5,0
Pipra,2025,6,0
Piprakothi,2025,3,0
Piprakothi,2025,4,0
Piprakothi,2025,5,0
Piprakothi,2025,6,1
Piprarhi,2025,3,0
Piprarhi,2025,4,0
Piprarhi,2025,5,0
Piprarhi,2025,6,0
Piro,2025,3,0
Piro,2025,4,7
Piro,2025,5,6
Piro,2025,6,5
Pirpainti,2025,3,0
Pirpainti,2025,4,0
Pirpainti,2025,5,0
Pirpainti,2025,6,0
Pothia,2025,3,0
Pothia,2025,4,0
Pothia,2025,5,0
Pothia,2025,6,0
Pranpur,2025,3,0
Pranpur,2025,4,0
Pranpur,2025,5,0
Pranpur,2025,6,0
Pratapganj,2025,3,0
Pratapganj,2025,4,0
Pratapganj,2025,5,0
Pratapganj,2025,6,0
Punpun,2025,3,0
Punpun,2025,4,5
Punpun,2025,5,6
Punpun,2025,6,0
Pupri,2025,3,0
Pupri,2025,4,0
Pupri,2025,5,0
Pupri,2025,6,0
Puraini,2025,3,0
Puraini,2025,4,0
Puraini,2025,5,0
Puraini,2025,6,0
Purnahiya,2025,3,0
Purnahiya,2025,4,0
Purnahiya,2025,5,0
Purnahiya,2025,6,1
Purnia East,2025,3,0
Purnia East,2025,4,0
Purnia East,2025,5,0
Purnia East,2025,6,0
Pusa,2025,3,0
Pusa,2025,4,3
Pusa,2025,5,1
Pusa,2025,6,0
Rafiganj,2025,3,0
Rafiganj,2025,4,6
Rafiganj,2025,5,8
Rafiganj,2025,6,3
Raghopur,2025,3,0
Raghopur,2025,4,5
Raghopur,2025,5,5
Raghopur,2025,6,0
Raghunathpur,2025,3,0
Raghunathpur,2025,4,5
Raghunathpur,2025,5,2
Raghunathpur,2025,6,1
Rahui,2025,3,0
Rahui,2025,4,5
Rahui,2025,5,6
Rahui,2025,6,0
Raja Pakar,2025,3,0
Raja Pakar,2025,4,5
Raja Pakar,2025,5,5
Raja Pakar,2025,6,0
Rajauli,2025,3,0
Rajauli,2025,4,4
Rajauli,2025,5,0
Rajauli,2025,6,0
Rajaun,2025,3,0
Rajaun,2025,4,2
Rajaun,2025,5,0
Rajaun,2025,6,0
Rajgir,2025,3,0
Rajgir,2025,4,5
Rajgir,2025,5,6
Rajgir,2025,6,0
Rajnagar,2025,3,0
Rajnagar,2025,4,0
Rajnagar,2025,5,0
Rajnagar,2025,6,0
Rajpur,2025,3,0
Rajpur,2025,4,13
Rajpur,2025,5,11
Rajpur,2025,6,13
Ramgarh,2025,3,0
Ramgarh,2025,4,7
Ramgarh,2025,5,5
Ramgarh,2025,6,8
Ramgarh Chowk,2025,3,0
Ramgarh Chowk,2025,4,5
Ramgarh Chowk,2025,5,3
Ramgarh Chowk,2025,6,0
Ramgarhwa,2025,3,0
Ramgarhwa,2025,4,0
Ramgarhwa,2025,5,0
Ramgarhwa,2025,6,0
Ramnagar,2025,3,0
Ramnagar,2025,4,0
Ramnagar,2025,5,0
Ramnagar,2025,6,0
Rampur,2025,3,0
Rampur,2025,4,7
Rampur,2025,5,5
Rampur,2025,6,1
Rangra Chowk,2025,3,0
Rangra Chowk,2025,4,0
Rangra Chowk,2025,5,0
Rangra Chowk,2025,6,0
Raniganj,2025,3,0
Raniganj,2025,4,0
Raniganj,2025,5,0
Raniganj,2025,6,0
Ratni Faridpur,2025,3,0
Ratni Faridpur,2025,4,6
Ratni Faridpur,2025,5,7
Ratni Faridpur,2025,6,3
Raxaul,2025,3,0
Raxaul,2025,4,0
Raxaul,2025,5,0
Raxaul,2025,6,0
Revelganj,2025,3,0
Revelganj,2025,4,5
Revelganj,2025,5,4
Revelganj,2025,6,1
Riga,2025,3,0
Riga,2025,4,0
Riga,2025,5,0
Riga,2025,6,0
Roh,2025,3,0
Roh,2025,4,5
Roh,2025,5,2
Roh,2025,6,0
Rohtas,2025,3,0
Rohtas,2025,4,2
Rohtas,2025,5,0
Rohtas,2025,6,0
Rosera,2025,3,0
Rosera,2025,4,2
Rosera,2025,5,2
Rosera,2025,6,0
Runisaidpur,2025,3,0
Runisaidpur,2025,4,0
Runisaidpur,2025,5,0
Runisaidpur,2025,6,0
Rupauli,2025,3,0
Rupauli,2025,4,0
Rupauli,2025,5,0
Rupauli,2025,6,0
Sabour,2025,3,0
Sabour,2025,4,2
Sabour,2025,5,0
Sabour,2025,6,0
Sahar,2025,3,0
Sahar,2025,4,6
Sahar,2025,5,6
Sahar,2025,6,3
Sahdai Buzurg,2025,3,0
Sahdai Buzurg,2025,4,5
Sahdai Buzurg,2025,5,5
Sahdai Buzurg,2025,6,0
Sahebganj,2025,3,0
Sahebganj,2025,4,3
Sahebganj,2025,5,2
Sahebganj,2025,6,2
Sahebpur Kamal,2025,3,0
Sahebpur Kamal,2025,4,3
Sahebpur Kamal,2025,5,0
Sahebpur Kamal,2025,6,0
Sakra,2025,3,0
Sakra,2025,4,4
Sakra,2025,5,2
Sakra,2025,6,0
Salkhua,2025,3,0
Salkhua,2025,4,0
Salkhua,2025,5,0
Salkhua,2025,6,0
Samastipur,2025,3,0
Samastipur,2025,4,4
Samastipur,2025,5,3
Samastipur,2025,6,0
Sameli,2025,3,0
Sameli,2025,4,0
Sameli,2025,5,0
Sameli,2025,6,0
Sampatchak,2025,3,0
Sampatchak,2025,4,5
Sampatchak,2025,5,4
Sampatchak,2025,6,0
Sandesh,2025,3,0
Sandesh,2025,4,6
Sandesh,2025,5,6
Sandesh,2025,6,3
Sangrampur,2025,3,0
Sangrampur,2025,4,4
Sangrampur,2025,5,1
Sangrampur,2025,6,1
Sanjhauli,2025,3,0
Sanjhauli,2025,4,7
Sanjhauli,2025,5,6
Sanjhauli,2025,6,6
Saraigarh Bhaptiyahi,2025,3,0
Saraigarh Bhaptiyahi,2025,4,0
Saraigarh Bhaptiyahi,2025,5,0
Saraigarh Bhaptiyahi,2025,6,0
Sarairanjan,2025,3,0
Sarairanjan,2025,4,4
Sarairanjan,2025,5,5
Sarairanjan,2025,6,0
Saraiya,2025,3,0
Saraiya,2025,4,5
Saraiya,2025,5,3
Saraiya,2025,6,1
Sarmera,2025,3,0
Sarmera,2025,4,5
Sarmera,2025,5,5
Sarmera,2025,6,0
Sasaram,2025,3,0
Sasaram,2025,4,6
Sasaram,2025,5,4
Sasaram,2025,6,2
Satar Kataiya,2025,3,0
Satar Kataiya,2025,4,0
Satar Kataiya,2025,5,0
Satar Kataiya,2025,6,0
Saur Bazar,2025,3,0
Saur Bazar,2025,4,0
Saur Bazar,2025,5,0
Saur Bazar,2025,6,0
Shahkund,2025,3,0
Shahkund,2025,4,3
Shahkund,2025,5,0
Shahkund,2025,6,0
Shahpur,2025,3,0
Shahpur,2025,4,6
Shahpur,2025,5,5
Shahpur,2025,6,4
Shambhuganj,2025,3,0
Shambhuganj,2025,4,2
Shambhuganj,2025,5,0
Shambhuganj,2025,6,0
Shamho Akha Kurha,2025,3,0
Shamho Akha Kurha,2025,4,4
Shamho Akha Kurha,2025,5,2
Shamho Akha Kurha,2025,6,0
Shankarpur,2025,3,0
Shankarpur,2025,4,0
Shankarpur,2025,5,0
Shankarpur,2025,6,0
Sheikhpura,2025,3,0
Sheikhpura,2025,4,5
Sheikhpura,2025,5,4
Sheikhpura,2025,6,0
Shekhopur Sarai,2025,3,0
Shekhopur Sarai,2025,4,5
Shekhopur Sarai,2025,5,6
Shekhopur Sarai,2025,6,0
Sheohar,2025,3,0
Sheohar,2025,4,0
Sheohar,2025,5,0
Sheohar,2025,6,0
Sheosagar,2025,3,0
Sheosagar,2025,4,6
Sheosagar,2025,5,5
Sheosagar,2025,6,2
Sherghati,2025,3,0
Sherghati,2025,4,6
Sherghati,2025,5,5
Sherghati,2025,6,0
Shivaji Nagar,2025,3,0
Shivaji Nagar,2025,4,0
Shivaji Nagar,2025,5,0
Shivaji Nagar,2025,6,0
Sidhaw,2025,3,0
Sidhaw,2025,4,0
Sidhaw,2025,5,0
Sidhaw,2025,6,0
Sidhwalia,2025,3,0
Sidhwalia,2025,4,3
Sidhwalia,2025,5,2
Sidhwalia,2025,6,2
Sikandra,2025,3,0
Sikandra,2025,4,4
Sikandra,2025,5,2
Sikandra,2025,6,0
Sikta,2025,3,0
Sikta,2025,4,0
Sikta,2025,5,0
Sikta,2025,6,0
Sikti,2025,3,0
Sikti,2025,4,0
Sikti,2025,5,0
Sikti,2025,6,0
Silao,2025,3,0
Silao,2025,4,5
Silao,2025,5,6
Silao,2025,6,0
Simri,2025,3,0
Simri,2025,4,5
Simri,2025,5,5
Simri,2025,6,4
Simri Bakhtiarpur,2025,3,0
Simri Bakhtiarpur,2025,4,0
Simri Bakhtiarpur,2025,5,0
Simri Bakhtiarpur,2025,6,0
Singheshwar,2025,3,0
Singheshwar,2025,4,0
Singheshwar,2025,5,0
Singheshwar,2025,6,0
Singhia,2025,3,0
Singhia,2025,4,0
Singhia,2025,5,0
Singhia,2025,6,0
Singhwara,2025,3,0
Singhwara,2025,4,0
Singhwara,2025,5,0
Singhwara,2025,6,0
Sirdala,2025,3,0
Sirdala,2025,4,6
Sirdala,2025,5,5
Sirdala,2025,6,0
Siswan,2025,3,0
Siswan,2025,4,5
Siswan,2025,5,2
Siswan,2025,6,1
Siwan,2025,3,0
Siwan,2025,4,5
Siwan,2025,5,3
Siwan,2025,6,2
Sonbarsa,2025,3,0
Sonbarsa,2025,4,0
Sonbarsa,2025,5,0
Sonbarsa,2025,6,0
Sonbhadra Banshi Suryapur,2025,3,0
Sonbhadra Banshi Suryapur,2025,4,6
Sonbhadra Banshi Suryapur,2025,5,7
Sonbhadra Banshi Suryapur,2025,6,4
Sonepur,2025,3,0
Sonepur,2025,4,5
Sonepur,2025,5,3
Sonepur,2025,6,0
Sonhaula,2025,3,0
Sonhaula,2025,4,2
Sonhaula,2025,5,0
Sonhaula,2025,6,0
Sono,2025,3,0
Sono,2025,4,2
Sono,2025,5,0
Sono,2025,6,0
Srinagar,2025,3,0
Srinagar,2025,4,0
Srinagar,2025,5,0
Srinagar,2025,6,0
Sugauli,2025,3,0
Sugauli,2025,4,0
Sugauli,2025,5,0
Sugauli,2025,6,0
Sultanganj,2025,3,0
Sultanganj,2025,4,3
Sultanganj,2025,5,0
Sultanganj,2025,6,0
Supaul,2025,3,0
Supaul,2025,4,0
Supaul,2025,5,0
Supaul,2025,6,0
Suppi,2025,3,0
Suppi,2025,4,0
Suppi,2025,5,0
Suppi,2025,6,1
Surajgarha,2025,3,0
Surajgarha,2025,4,4
Surajgarha,2025,5,1
Surajgarha,2025,6,0
Sursand,2025,3,0
Sursand,2025,4,0
Sursand,2025,5,0
Sursand,2025,6,0
Suryapura,2025,3,0
Suryapura,2025,4,7
Suryapura,2025,5,6
Suryapura,2025,6,7
Tajpur,2025,3,0
Tajpur,2025,4,4
Tajpur,2025,5,3
Tajpur,2025,6,0
Tan Kuppa,2025,3,0
Tan Kuppa,2025,4,6
Tan Kuppa,2025,5,6
Tan Kuppa,2025,6,0
Taraiya,2025,3,0
Taraiya,2025,4,5
Taraiya,2025,5,3
Taraiya,2025,6,1
Tarapur,2025,3,0
Tarapur,2025,4,3
Tarapur,2025,5,0
Tarapur,2025,6,0
Tarari,2025,3,0
Tarari,2025,4,6
Tarari,2025,5,6
Tarari,2025,6,5
Tardih,2025,3,0
Tardih,2025,4,0
Tardih,2025,5,0
Tardih,2025,6,0
Tariani Chowk,2025,3,0
Tariani Chowk,2025,4,0
Tariani Chowk,2025,5,0
Tariani Chowk,2025,6,0
Teghra,2025,3,0
Teghra,2025,4,4
Teghra,2025,5,1
Teghra,2025,6,0
Terhagachh,2025,3,0
Terhagachh,2025,4,0
Terhagachh,2025,5,0
Terhagachh,2025,6,0
Tetaria,2025,3,0
Tetaria,2025,4,0
Tetaria,2025,5,0
Tetaria,2025,6,1
Tetiha Bambor,2025,3,0
Tetiha Bambor,2025,4,3
Tetiha Bambor,2025,5,1
Tetiha Bambor,2025,6,0
Thakrahan,2025,3,0
Thakrahan,2025,4,0
Thakrahan,2025,5,0
Thakrahan,2025,6,0
Thakurganj,2025,3,0
Thakurganj,2025,4,0
Thakurganj,2025,5,0
Thakurganj,2025,6,0
Tharthari,2025,3,0
Tharthari,2025,4,5
Tharthari,2025,5,6
Tharthari,2025,6,0
Thawe,2025,3,0
Thawe,2025,4,4
Thawe,2025,5,2
Thawe,2025,6,1
Tikari,2025,3,0
Tikari,2025,4,6
Tikari,2025,5,8
Tikari,2025,6,4
Tilouthu,2025,3,0
Tilouthu,2025,4,6
Tilouthu,2025,5,3
Tilouthu,2025,6,1
Tribeniganj,2025,3,0
Tribeniganj,2025,4,0
Tribeniganj,2025,5,0
Tribeniganj,2025,6,0
Turkaulia,2025,3,0
Turkaulia,2025,4,0
Turkaulia,2025,5,0
Turkaulia,2025,6,1
Uchkagaon,2025,3,0
Uchkagaon,2025,4,4
Uchkagaon,2025,5,3
Uchkagaon,2025,6,1
Udwant Nagar,2025,3,0
Udwant Nagar,2025,4,6
Udwant Nagar,2025,5,6
Udwant Nagar,2025,6,3
Ujiarpur,2025,3,0
Ujiarpur,2025,4,4
Ujiarpur,2025,5,4
Ujiarpur,2025,6,0
Vaishali,2025,3,0
Vaishali,2025,4,5
Vaishali,2025,5,4
Vaishali,2025,6,0
Vidyapati Nagar,2025,3,0
Vidyapati Nagar,2025,4,5
Vidyapati Nagar,2025,5,5
Vidyapati Nagar,2025,6,0
Warisaliganj,2025,3,0
Warisaliganj,2025,4,5
Warisaliganj,2025,5,4
Warisaliganj,2025,6,0
Warisnagar,2025,3,0
Warisnagar,2025,4,2
Warisnagar,2025,5,0
Warisnagar,2025,6,0
Wazirganj,2025,3,0
Wazirganj,2025,4,6
Wazirganj,2025,5,6
Wazirganj,2025,6,0
Ziradei,2025,3,0
Ziradei,2025,4,5
Ziradei,2025,5,3
Ziradei,2025,6,1
